product_id,produit,categorie,unite,url,prix
cake-oreo,CAKE INDIVIDUEL OREO,patisserie,,https://aswakassalam.com/produit/cake-oreo/,19.95
eclaire,ECLAIR AU CHOCOLAT,patisserie,,https://aswakassalam.com/produit/eclaire/,10.95
flan-x2,FLAN AUX FRUITS CONFITS,patisserie,,https://aswakassalam.com/produit/flan-x2/,14.95
tarte-indiv-chocolat,TARTE INDIVIDUELLE AU CHOCOLAT,patisserie,,https://aswakassalam.com/produit/tarte-indiv-chocolat/,12.95
baguette-a-lancienne-pavot-as,BAGUETTE A L’ANCIENNE AU PAVOT 250G,boulangerie,250g,https://aswakassalam.com/produit/baguette-a-lancienne-pavot-as/,5.95
baguette-a-lancienne-sesame-as,BAGUETTE A L’ANCIENNE AU SESAME 250G,boulangerie,250g,https://aswakassalam.com/produit/baguette-a-lancienne-sesame-as/,5.95
baguette-a-lancienne-nature-as,BAGUETTE A L’ANCIENNE NATURE 250G,boulangerie,250g,https://aswakassalam.com/produit/baguette-a-lancienne-nature-as/,3.5
brownies-chocolat-248g-kekito-bimbo,BROWNIE CHOCOLAT 248G KEKITO BIMBO,boulangerie,248g,https://aswakassalam.com/produit/brownies-chocolat-248g-kekito-bimbo/,21.5
burger-6-unites-330g-jacquet,BURGER 6 UNITES 330G JACQUET,boulangerie,330g,https://aswakassalam.com/produit/burger-6-unites-330g-jacquet/,35.9
chapelure-250g-bimbo,CHAPELURE 250G BIMBO,boulangerie,250g,https://aswakassalam.com/produit/chapelure-250g-bimbo/,7.5
chapelure-panko-200g-jessys,CHAPELURE PANKO 200G JESSY’S,boulangerie,200g,https://aswakassalam.com/produit/chapelure-panko-200g-jessys/,25.5
feuilles-de-pastilla-30cm-10-unites-200g-goldy,FEUILLES DE PASTILLA 30CM 10 UNITES 200G GOLDY,boulangerie,200g,https://aswakassalam.com/produit/feuilles-de-pastilla-30cm-10-unites-200g-goldy/,18.95
feuilles-de-pastilla-30cm-10-unites-belpate,FEUILLES DE PASTILLA 30CM 10 UNITES BELPATE,boulangerie,,https://aswakassalam.com/produit/feuilles-de-pastilla-30cm-10-unites-belpate/,16.5
feuilles-de-pastilla-40cm-10-unites-belpate,FEUILLES DE PASTILLA 40CM 10 UNITES BELPATE,boulangerie,,https://aswakassalam.com/produit/feuilles-de-pastilla-40cm-10-unites-belpate/,22.5
fonds-de-tarte-sales-8-unites-chef-du-pain,FONDS DE TARTE SALES 8 UNITES CHEF DU PAIN,boulangerie,,https://aswakassalam.com/produit/fonds-de-tarte-sales-8-unites-chef-du-pain/,16.5
fonds-de-tarte-sucres-8-unites-chef-du-pain,FONDS DE TARTE SUCRES 8 UNITES CHEF DU PAIN,boulangerie,,https://aswakassalam.com/produit/fonds-de-tarte-sucres-8-unites-chef-du-pain/,17.5
krachelle-beldi-x10,LOT DE 10 KRACHELLES BELDI,boulangerie,,https://aswakassalam.com/produit/krachelle-beldi-x10/,13.95
pain-au-chocolat-x-10-pces,LOT DE 10 PAINS AU CHOCOLAT,boulangerie,,https://aswakassalam.com/produit/pain-au-chocolat-x-10-pces/,45.95
madeleines-pur-beurre-192g-bimbo,MADELEINES PURE BEURRE 192G BIMBO,boulangerie,192g,https://aswakassalam.com/produit/madeleines-pur-beurre-192g-bimbo/,16.5
mini-burger-8-unites-assylor,MINI BURGER 8 UNITES ASSYLOR,boulangerie,,https://aswakassalam.com/produit/mini-burger-8-unites-assylor/,11.95
mini-pate-a-pizza-complete-12-unites-160g-assylor,MINI PATE A PIZZA COMPLETE 12 UNITES 160G ASSYLOR,boulangerie,160g,https://aswakassalam.com/produit/mini-pate-a-pizza-complete-12-unites-160g-assylor/,11.95
mini-wraps-de-farine-de-ble-10-unites-250g-deli-sun,MINI WRAPS DE FARINE DE BLE 10 UNITES 250G DELI SUN,boulangerie,250g,https://aswakassalam.com/produit/mini-wraps-de-farine-de-ble-10-unites-250g-deli-sun/,21.5
pain-au-lait-4-unites-ole-assylor,PAIN AU LAIT 4 UNITES OLE ASSYLOR,boulangerie,,https://aswakassalam.com/produit/pain-au-lait-4-unites-ole-assylor/,13.95
pain-au-lait-aux-pepites-de-chocolat-5-unites-ole-assylor,PAIN AU LAIT AUX PEPITES DE CHOCOLAT 5 UNITES OLE ASSYLOR,boulangerie,,https://aswakassalam.com/produit/pain-au-lait-aux-pepites-de-chocolat-5-unites-ole-assylor/,16.95
pain-blanc-sans-gluten-250g-schar,PAIN BLANC SANS GLUTEN 250G SCHAR,boulangerie,250g,https://aswakassalam.com/produit/pain-blanc-sans-gluten-250g-schar/,37.95
burger-avec-seasame-4-unites-bimbo,PAIN BURGER AU SESAME 4 UNITES BIMBO,boulangerie,,https://aswakassalam.com/produit/burger-avec-seasame-4-unites-bimbo/,13.95
pain-burger-geant-4-unites-310g-assylor,PAIN BURGER GEANT 4 UNITES 310G ASSYLOR,boulangerie,310g,https://aswakassalam.com/produit/pain-burger-geant-4-unites-310g-assylor/,14.5
pain-burger-geant-complet-4-unites-assylor,PAIN BURGER GEANT COMPLET 4 UNITES ASSYLOR,boulangerie,,https://aswakassalam.com/produit/pain-burger-geant-complet-4-unites-assylor/,14.95
pain-chawarma-nature-7-unites-273g-chef-du-pain,PAIN CHAWARMA NATURE 7 UNITES 273G CHEF DU PAIN,boulangerie,273g,https://aswakassalam.com/produit/pain-chawarma-nature-7-unites-273g-chef-du-pain/,7.95
pain-ciabatta-a-lhuile-dolive-4-unites-assylor,PAIN CIABATTA A L’HUILE D’OLIVE 4 UNITES ASSYLOR,boulangerie,,https://aswakassalam.com/produit/pain-ciabatta-a-lhuile-dolive-4-unites-assylor/,13.5
pain-de-mie-blanc-500-gr,PAIN DE MIE BLANC 500G,boulangerie,500g,https://aswakassalam.com/produit/pain-de-mie-blanc-500-gr/,11.95
pain-de-mie-complet-430g-bimbo,PAIN DE MIE BLE COMPLET 430G BIMBO,boulangerie,430g,https://aswakassalam.com/produit/pain-de-mie-complet-430g-bimbo/,20.5
pain-de-mie-ble-complet-470g-pain-dor,PAIN DE MIE BLE COMPLET 470G PAIN D’OR,boulangerie,470g,https://aswakassalam.com/produit/pain-de-mie-ble-complet-470g-pain-dor/,16.95
pain-de-mie-complet-780g-bimbo,PAIN DE MIE COMPLET 780G BIMBO,boulangerie,780g,https://aswakassalam.com/produit/pain-de-mie-complet-780g-bimbo/,31.5
pain-de-mie-multigraines-440g-bimbo,PAIN DE MIE MULTIGRAINES 440G  BIMBO,boulangerie,440g,https://aswakassalam.com/produit/pain-de-mie-multigraines-440g-bimbo/,21.95
pain-de-mie-nature-400g-bimbo,PAIN DE MIE NATURE 400G BIMBO,boulangerie,400g,https://aswakassalam.com/produit/pain-de-mie-nature-400g-bimbo/,19.95
pain-de-mie-nature-470g-pain-dor,PAIN DE MIE NATURE 470G PAIN D’OR,boulangerie,470g,https://aswakassalam.com/produit/pain-de-mie-nature-470g-pain-dor/,15.95
pain-de-mie-nature-550g-maxi-jac-jacquet,PAIN DE MIE NATURE 550G MAXI JAC’ JACQUET,boulangerie,550g,https://aswakassalam.com/produit/pain-de-mie-nature-550g-maxi-jac-jacquet/,34.9
pain-de-mie-nature-720g-bimbo,PAIN DE MIE NATURE 720G BIMBO,boulangerie,720g,https://aswakassalam.com/produit/pain-de-mie-nature-720g-bimbo/,30.95
pain-hot-dog-4-unites-jacquet,PAIN HOT DOG 4 UNITES JACQUET,boulangerie,,https://aswakassalam.com/produit/pain-hot-dog-4-unites-jacquet/,31.9
ananas-la-piece-1kg-a-1200kg,"ANANAS LA PIECE (1KG A 1,200KG)",fruits-legumes,1kg,https://aswakassalam.com/produit/ananas-la-piece-1kg-a-1200kg/,32.0
avocat-1kg,AVOCAT 1KG,fruits-legumes,1kg,https://aswakassalam.com/produit/avocat-1kg/,62.95
banane-import-1kg,BANANE IMPORT 1KG,fruits-legumes,1kg,https://aswakassalam.com/produit/banane-import-1kg/,19.95
brocoli-1kg,BROCOLI 1KG,fruits-legumes,1kg,https://aswakassalam.com/produit/brocoli-1kg/,29.95
celeri-botte,CELERI BOTTE,fruits-legumes,,https://aswakassalam.com/produit/celeri-botte/,15.95
champignon-de-paris-500g,CHAMPIGNON DE PARIS 500G,fruits-legumes,500g,https://aswakassalam.com/produit/champignon-de-paris-500g/,34.95
chou-de-bruxelles-500g,CHOU DE BRUXELLES 500G,fruits-legumes,500g,https://aswakassalam.com/produit/chou-de-bruxelles-500g/,17.95
citron-1kg,CITRON 1KG,fruits-legumes,1kg,https://aswakassalam.com/produit/citron-1kg/,19.95
courgette-ronde-1kg,COURGETTE RONDE 1KG,fruits-legumes,1kg,https://aswakassalam.com/produit/courgette-ronde-1kg/,16.95
couscous-barquette-2kg,COUSCOUS BARQUETTE  +/- 2KG,fruits-legumes,2kg,https://aswakassalam.com/produit/couscous-barquette-2kg/,22.95
fraise-barquette-250,FRAISE BARQUETTE 250,fruits-legumes,,https://aswakassalam.com/produit/fraise-barquette-250/,12.95
framboise-barquette-125g,FRAMBOISE BARQUETTE 125G,fruits-legumes,125g,https://aswakassalam.com/produit/framboise-barquette-125g/,24.95
haricot-vert-1kg,HARICOT VERT 1KG,fruits-legumes,1kg,https://aswakassalam.com/produit/haricot-vert-1kg/,19.95
kiwi-1kg,KIWI 1KG,fruits-legumes,1kg,https://aswakassalam.com/produit/kiwi-1kg/,49.95
laitue-rouge-a-la-piece,LAITUE ROUGE A LA PIECE,fruits-legumes,,https://aswakassalam.com/produit/laitue-rouge-a-la-piece/,6.5
mangue-a-la-piece-450g-a-500g,MANGUE A LA PIECE  (450G A 500G),fruits-legumes,450g,https://aswakassalam.com/produit/mangue-a-la-piece-450g-a-500g/,16.95
mangue-avion-1kg,MANGUE AVION 1KG,fruits-legumes,1kg,https://aswakassalam.com/produit/mangue-avion-1kg/,31.95
melon-cantaloup-1kg,MELON CANTALOUP 1KG,fruits-legumes,1kg,https://aswakassalam.com/produit/melon-cantaloup-1kg/,14.95
melon-jaune-marhoum-a-la-piece-2kg,MELON JAUNE MARHOUM A LA PIECE 2KG,fruits-legumes,2kg,https://aswakassalam.com/produit/melon-jaune-marhoum-a-la-piece-2kg/,16.0
nectarine-1kg,NECTARINE 1KG,fruits-legumes,1kg,https://aswakassalam.com/produit/nectarine-1kg/,15.95
orange-a-jus-1kg,ORANGE A JUS 1KG,fruits-legumes,1kg,https://aswakassalam.com/produit/orange-a-jus-1kg/,8.95
peche-1kg,PECHE 1KG,fruits-legumes,1kg,https://aswakassalam.com/produit/peche-1kg/,15.95
piment-fort-barquette-500g,PIMENT FORT BARQUETTE 500G,fruits-legumes,500g,https://aswakassalam.com/produit/piment-fort-barquette-500g/,7.0
poire-william-au-kg,POIRE WILLIAM AU KG,fruits-legumes,,https://aswakassalam.com/produit/poire-william-au-kg/,32.95
poireau-1kg,POIREAU 1KG,fruits-legumes,1kg,https://aswakassalam.com/produit/poireau-1kg/,18.95
poivron-rouge-1kg,POIVRON ROUGE 1KG,fruits-legumes,1kg,https://aswakassalam.com/produit/poivron-rouge-1kg/,16.95
pomme-de-terre-blanche-1kg,POMME DE TERRE BLANCHE 1KG,fruits-legumes,1kg,https://aswakassalam.com/produit/pomme-de-terre-blanche-1kg/,7.95
pomme-rouge-1-kg,POMME ROUGE 1 KG,fruits-legumes,1 kg,https://aswakassalam.com/produit/pomme-rouge-1-kg/,19.95
pomme-rouge-import-1kg,POMME ROUGE IMPORT 1KG,fruits-legumes,1kg,https://aswakassalam.com/produit/pomme-rouge-import-1kg/,34.95
potiron-1kg,POTIRON 1KG,fruits-legumes,1kg,https://aswakassalam.com/produit/potiron-1kg/,9.95
prune-noir-1kg,PRUNE NOIR 1KG,fruits-legumes,1kg,https://aswakassalam.com/produit/prune-noir-1kg/,21.95
raisin-blanc-1kg,RAISIN BLANC 1KG,fruits-legumes,1kg,https://aswakassalam.com/produit/raisin-blanc-1kg/,14.95
romarin-botte,ROMARIN BOTTE,fruits-legumes,,https://aswakassalam.com/produit/romarin-botte/,6.5
salade-lolo-rouge-piece,SALADE LOLO ROUGE PIECE,fruits-legumes,,https://aswakassalam.com/produit/salade-lolo-rouge-piece/,6.95
salade-lolo-vert-piece,SALADE LOLO VERT PIECE,fruits-legumes,,https://aswakassalam.com/produit/salade-lolo-vert-piece/,6.5
thym-botte,THYM BOTTE,fruits-legumes,,https://aswakassalam.com/produit/thym-botte/,5.95
brochettes-de-poulet-aux-3-poivrons-1kg,BROCHETTES DE POULET AUX 3 POIVRONS 1KG,boucherie-volaille,1kg,https://aswakassalam.com/produit/brochettes-de-poulet-aux-3-poivrons-1kg/,86.95
burger-de-boeuf-1kg,BURGER DE BOEUF 1KG,boucherie-volaille,1kg,https://aswakassalam.com/produit/burger-de-boeuf-1kg/,144.95
coquelet-a-la-piece,COQUELET A LA PIECE,boucherie-volaille,,https://aswakassalam.com/produit/coquelet-a-la-piece/,27.9
cote-de-veau-1-kg,COTE DE VEAU 1 KG,boucherie-volaille,1 kg,https://aswakassalam.com/produit/cote-de-veau-1-kg/,127.9
cuisse-de-poulet-1kg,CUISSE DE POULET 1KG,boucherie-volaille,1kg,https://aswakassalam.com/produit/cuisse-de-poulet-1kg/,39.9
cuisses-de-poulet-farcies-a-la-feta-1kg,CUISSES DE POULET FARCIES A LA FETA 1KG,boucherie-volaille,1kg,https://aswakassalam.com/produit/cuisses-de-poulet-farcies-a-la-feta-1kg/,60.95
entrecote-de-boeuf-1kg,ENTRECOTE DE BOEUF 1KG,boucherie-volaille,1kg,https://aswakassalam.com/produit/entrecote-de-boeuf-1kg/,149.95
faux-filet-new-york-05kg,"FAUX FILET NEW YORK 0,5KG",boucherie-volaille,5kg,https://aswakassalam.com/produit/faux-filet-new-york-05kg/,77.5
filet-de-poulet-1kg,FILET DE POULET 1KG,boucherie-volaille,1kg,https://aswakassalam.com/produit/filet-de-poulet-1kg/,59.9
gigot-d%c2%92agneau-entier-%c2%93calibre-2kg%c2%94,GIGOT DAGNEAU ENTIER CALIBRE +-2KG,boucherie-volaille,2kg,https://aswakassalam.com/produit/gigot-d%c2%92agneau-entier-%c2%93calibre-2kg%c2%94/,345.8
haut-de-cuisse-de-poulet-1kg,HAUT DE CUISSE DE POULET 1KG,boucherie-volaille,1kg,https://aswakassalam.com/produit/haut-de-cuisse-de-poulet-1kg/,33.9
jarret-de-boeuf-avec-os-1kg,JARRET DE BOEUF AVEC OS 1KG,boucherie-volaille,1kg,https://aswakassalam.com/produit/jarret-de-boeuf-avec-os-1kg/,141.9
merguez-de-boeuf-1kg,MERGUEZ DE BOEUF 1KG,boucherie-volaille,1kg,https://aswakassalam.com/produit/merguez-de-boeuf-1kg/,111.9
pied-de-veau,PIED DE VEAU,boucherie-volaille,,https://aswakassalam.com/produit/pied-de-veau/,164.9
pilons-de-poulet-1kg,PILONS DE POULET 1KG,boucherie-volaille,1kg,https://aswakassalam.com/produit/pilons-de-poulet-1kg/,45.9
poulet-entier-1-piece,POULET ENTIER 1 PIECE,boucherie-volaille,,https://aswakassalam.com/produit/poulet-entier-1-piece/,52.5
poulet-fermier-a-la-piece,POULET FERMIER A LA PIECE,boucherie-volaille,,https://aswakassalam.com/produit/poulet-fermier-a-la-piece/,139.0
queue-de-boeuf-1kg,QUEUE DE BOEUF 1KG,boucherie-volaille,1kg,https://aswakassalam.com/produit/queue-de-boeuf-1kg/,104.95
saucisse-de-dinde-1kg,SAUCISSE DE DINDE 1KG,boucherie-volaille,1kg,https://aswakassalam.com/produit/saucisse-de-dinde-1kg/,49.95
saucisse-de-poulet-1kg,SAUCISSE DE POULET 1KG,boucherie-volaille,1kg,https://aswakassalam.com/produit/saucisse-de-poulet-1kg/,56.9
steak-de-boeuf-1kg,STEAK DE BOEUF 1KG,boucherie-volaille,1kg,https://aswakassalam.com/produit/steak-de-boeuf-1kg/,145.9
tagine-de-boeuf-extra-1kg,TAGINE DE BOEUF EXTRA 1KG,boucherie-volaille,1kg,https://aswakassalam.com/produit/tagine-de-boeuf-extra-1kg/,125.95
viande-hachee-de-boeuf-avec-graisse-1kg,VIANDE HACHEE DE BOEUF AVEC GRAISSE 1KG,boucherie-volaille,1kg,https://aswakassalam.com/produit/viande-hachee-de-boeuf-avec-graisse-1kg/,119.95
viande-hachee-de-boeuf-nature-1kg,VIANDE HACHEE DE BOEUF NATURE 1KG,boucherie-volaille,1kg,https://aswakassalam.com/produit/viande-hachee-de-boeuf-nature-1kg/,132.9
wings-de-poulet-marinees-1kg,WINGS DE POULET MARINEES 1KG,boucherie-volaille,1kg,https://aswakassalam.com/produit/wings-de-poulet-marinees-1kg/,36.95
agriche-1kg-ahl-fes,AGRICHE 1KG AHL FES,charcuterie-traiteur,1kg,https://aswakassalam.com/produit/agriche-1kg-ahl-fes/,76.95
agriche-250g-ahl-fes,AGRICHE 250G AHL FES,charcuterie-traiteur,250g,https://aswakassalam.com/produit/agriche-250g-ahl-fes/,25.5
anchois-marines-a-loriental-200g-la-monegasque,ANCHOIS MARINES A L’ORIENTAL 200G LA MONEGASQUE,charcuterie-traiteur,200g,https://aswakassalam.com/produit/anchois-marines-a-loriental-200g-la-monegasque/,39.95
batonnets-de-surimi-saveur-crabe-200g-saint-malo,BATONNETS DE SURIMI SAVEUR CRABE 200G SAINT-MALO,charcuterie-traiteur,200g,https://aswakassalam.com/produit/batonnets-de-surimi-saveur-crabe-200g-saint-malo/,23.95
caviar-noir-100g-skandia,CAVIAR NOIR 100G SKANDIA,charcuterie-traiteur,100g,https://aswakassalam.com/produit/caviar-noir-100g-skandia/,59.5
caviar-noir-50g-skandia,CAVIAR NOIR 50G SKANDIA,charcuterie-traiteur,50g,https://aswakassalam.com/produit/caviar-noir-50g-skandia/,37.5
caviar-rouge-100g-skandia,CAVIAR ROUGE 100G SKANDIA,charcuterie-traiteur,100g,https://aswakassalam.com/produit/caviar-rouge-100g-skandia/,59.5
caviar-rouge-50g-skandia,CAVIAR ROUGE 50G SKANDIA,charcuterie-traiteur,50g,https://aswakassalam.com/produit/caviar-rouge-50g-skandia/,37.5
cuisse-de-dinde-au-poivre-80g-dindy,CUISSE DE DINDE AU POIVRE 80G DINDY,charcuterie-traiteur,80g,https://aswakassalam.com/produit/cuisse-de-dinde-au-poivre-80g-dindy/,10.5
cuisse-de-dinde-fumee-au-poivre-80g-dar-al-lahm,CUISSE DE DINDE FUMEE AU POIVRE 80G DAR AL LAHM,charcuterie-traiteur,80g,https://aswakassalam.com/produit/cuisse-de-dinde-fumee-au-poivre-80g-dar-al-lahm/,14.95
feuilles-de-brick-10-unites-170g-mil-brick,FEUILLES DE BRICK 10 UNITES 170G MIL BRICK,charcuterie-traiteur,170g,https://aswakassalam.com/produit/feuilles-de-brick-10-unites-170g-mil-brick/,24.5
filet-de-dinde-fume-80g-dar-al-lahm,FILET DE DINDE FUME 80G DAR AL LAHM,charcuterie-traiteur,80g,https://aswakassalam.com/produit/filet-de-dinde-fume-80g-dar-al-lahm/,14.95
filet-de-dinde-fume-tsv-80g,FILET DE DINDE FUME TSV 80G,charcuterie-traiteur,80g,https://aswakassalam.com/produit/filet-de-dinde-fume-tsv-80g/,11.5
filet-de-saumon-fume-100g-lassiette-nordique,FILET DE SAUMON FUME 100G L’ASSIETTE NORDIQUE,charcuterie-traiteur,100g,https://aswakassalam.com/produit/filet-de-saumon-fume-100g-lassiette-nordique/,49.9
filets-danchois-marines-a-lail-et-au-persil-180g-le-ptit-pecheur,FILETS D’ANCHOIS MARINES A L’AIL ET AU PERSIL 180G LE P’TIT PECHEUR,charcuterie-traiteur,180g,https://aswakassalam.com/produit/filets-danchois-marines-a-lail-et-au-persil-180g-le-ptit-pecheur/,26.95
filets-danchois-marines-a-lhuile-vegetale-180g-le-ptit-pecheur,FILETS D’ANCHOIS MARINES A L’HUILE VEGETALE 180G LE P’TIT PECHEUR,charcuterie-traiteur,180g,https://aswakassalam.com/produit/filets-danchois-marines-a-lhuile-vegetale-180g-le-ptit-pecheur/,26.95
filets-danchois-marines-a-lorientale-180g-le-ptit-pecheur,FILETS D’ANCHOIS MARINES A L’ORIENTALE 180G LE P’TIT PECHEUR,charcuterie-traiteur,180g,https://aswakassalam.com/produit/filets-danchois-marines-a-lorientale-180g-le-ptit-pecheur/,26.95
filets-danchois-marines-a-la-provencale-180g-le-ptit-pecheur,FILETS D’ANCHOIS MARINES A LA PROVENCALE 180G LE P’TIT PECHEUR,charcuterie-traiteur,180g,https://aswakassalam.com/produit/filets-danchois-marines-a-la-provencale-180g-le-ptit-pecheur/,26.95
filets-danchois-roules-aux-olives-farcies-180g-king-generation,FILETS D’ANCHOIS ROULES AUX OLIVES FARCIES 180G KING GENERATION,charcuterie-traiteur,180g,https://aswakassalam.com/produit/filets-danchois-roules-aux-olives-farcies-180g-king-generation/,35.95
filets-de-saumon-fumes-100g-les-domaines,FILETS DE SAUMON FUMÉS 100G LES DOMAINES,charcuterie-traiteur,100g,https://aswakassalam.com/produit/filets-de-saumon-fumes-100g-les-domaines/,63.95
hot-dog-250g-dindy,HOT DOG 250G DINDY,charcuterie-traiteur,250g,https://aswakassalam.com/produit/hot-dog-250g-dindy/,18.5
hot-dog-de-boeuf-250g-jayda,HOT DOG DE BOEUF 250G JAYDA,charcuterie-traiteur,250g,https://aswakassalam.com/produit/hot-dog-de-boeuf-250g-jayda/,25.95
hot-dog-de-dinde-250g-jayda,HOT DOG DE DINDE 250G JAYDA,charcuterie-traiteur,250g,https://aswakassalam.com/produit/hot-dog-de-dinde-250g-jayda/,13.95
hot-dog-poulet-250g-delpacha,HOT DOG POULET 250G DELPACHA,charcuterie-traiteur,250g,https://aswakassalam.com/produit/hot-dog-poulet-250g-delpacha/,20.5
hot-dog-poulet-au-fromage-250g-delpacha,HOT DOG POULET AU FROMAGE 250G DELPACHA,charcuterie-traiteur,250g,https://aswakassalam.com/produit/hot-dog-poulet-au-fromage-250g-delpacha/,24.5
jambon-de-boeuf-fume-80g-jayda,JAMBON DE BOEUF FUME 80G JAYDA,charcuterie-traiteur,80g,https://aswakassalam.com/produit/jambon-de-boeuf-fume-80g-jayda/,16.5
jambon-de-b%c2%8cuf-fume-80g-dar-al-lahm,JAMBON DE BUF FUME 80G DAR AL LAHM,charcuterie-traiteur,80g,https://aswakassalam.com/produit/jambon-de-b%c2%8cuf-fume-80g-dar-al-lahm/,18.5
jambon-de-dinde-aux-fines-herbes-80g-dar-al-lahm,JAMBON DE DINDE AUX FINES HERBES 80G DAR AL LAHM,charcuterie-traiteur,80g,https://aswakassalam.com/produit/jambon-de-dinde-aux-fines-herbes-80g-dar-al-lahm/,14.95
jambon-de-dinde-aux-fines-herbes-80g-del-pacha,JAMBON DE DINDE AUX FINES HERBES 80G DEL PACHA,charcuterie-traiteur,80g,https://aswakassalam.com/produit/jambon-de-dinde-aux-fines-herbes-80g-del-pacha/,16.5
jambon-de-dinde-paprika-80g-dar-al-lahm,JAMBON DE DINDE PAPRIKA 80G DAR AL LAHM,charcuterie-traiteur,80g,https://aswakassalam.com/produit/jambon-de-dinde-paprika-80g-dar-al-lahm/,14.95
jambon-de-dinde-superieur-80g-dindy,JAMBON DE DINDE SUPERIEUR 80G DINDY,charcuterie-traiteur,80g,https://aswakassalam.com/produit/jambon-de-dinde-superieur-80g-dindy/,10.5
jambon-de-poulet-80g-del-pacha,JAMBON DE POULET 80G DEL PACHA,charcuterie-traiteur,80g,https://aswakassalam.com/produit/jambon-de-poulet-80g-del-pacha/,17.5
jambon-de-poulet-marbre-80g-del-pacha,JAMBON DE POULET MARBRE 80G DEL PACHA,charcuterie-traiteur,80g,https://aswakassalam.com/produit/jambon-de-poulet-marbre-80g-del-pacha/,17.5
jambon-duo-de-boeuf-et-poulet-80g-del-pacha,JAMBON DUO DE BOEUF ET POULET 80G DEL PACHA,charcuterie-traiteur,80g,https://aswakassalam.com/produit/jambon-duo-de-boeuf-et-poulet-80g-del-pacha/,20.5
kasher-cocktail-600g-jayda,KASHER COCKTAIL 600G JAYDA,charcuterie-traiteur,600g,https://aswakassalam.com/produit/kasher-cocktail-600g-jayda/,18.5
kasher-piquant-380g-dindy,KASHER PIQUANT 380G DINDY,charcuterie-traiteur,380g,https://aswakassalam.com/produit/kasher-piquant-380g-dindy/,18.5
baby-edam-900g-irish,Baby Edam 900g – IRISH,cremerie,900g,https://aswakassalam.com/produit/baby-edam-900g-irish/,88.95
fromage-blanc-a-tartiner-900g-le-berger,Fromage blanc à tartiner 900g – LE BERGER,cremerie,900g,https://aswakassalam.com/produit/fromage-blanc-a-tartiner-900g-le-berger/,44.95
lot-de-2-fromage-frais-a-tartiner-jben-160g-jibal,Lot de 2 fromage frais à tartiner Jben 160g – JIBAL,cremerie,160g,https://aswakassalam.com/produit/lot-de-2-fromage-frais-a-tartiner-jben-160g-jibal/,17.95
pack-de-16-pots-raibi-jamila-165g-danone,Pack de 16 pots Raïbi Jamila 165g – DANONE,cremerie,165g,https://aswakassalam.com/produit/pack-de-16-pots-raibi-jamila-165g-danone/,32.95
4-fromages-rapes-175g-or-blanc,4 FROMAGES RAPES 175G OR BLANC,cremerie,175g,https://aswakassalam.com/produit/4-fromages-rapes-175g-or-blanc/,18.95
beurre-1-kg-centrale,BEURRE 1 KG CENTRALE,cremerie,1 kg,https://aswakassalam.com/produit/beurre-1-kg-centrale/,83.95
beurre-1kg-jaouda,BEURRE 1KG JAOUDA,cremerie,1kg,https://aswakassalam.com/produit/beurre-1kg-jaouda/,99.95
beurre-200g-badaouia,BEURRE 200G BADAOUIA,cremerie,200g,https://aswakassalam.com/produit/beurre-200g-badaouia/,21.95
beurre-200g-demi-sel-president,BEURRE 200G DEMI SEL PRESIDENT,cremerie,200g,https://aswakassalam.com/produit/beurre-200g-demi-sel-president/,53.9
beurre-allege-250g-badaouia,BEURRE ALLEGE 250G BADAOUIA,cremerie,250g,https://aswakassalam.com/produit/beurre-allege-250g-badaouia/,35.95
beurre-coupelle-810g-filet-president,BEURRE COUPELLE  8*10G FILET PRESIDENT,cremerie,10g,https://aswakassalam.com/produit/beurre-coupelle-810g-filet-president/,18.95
beurre-demi-sel-200g-ellevire,BEURRE DEMI SEL 200G ELLE&VIRE,cremerie,200g,https://aswakassalam.com/produit/beurre-demi-sel-200g-ellevire/,59.95
beurre-doux-200g-or-blanc,BEURRE DOUX 200G OR BLANC,cremerie,200g,https://aswakassalam.com/produit/beurre-doux-200g-or-blanc/,25.95
beurre-doux-marquis-200g-ellevire,BEURRE DOUX MARQUIS 200G ELLE&VIRE,cremerie,200g,https://aswakassalam.com/produit/beurre-doux-marquis-200g-ellevire/,22.5
beurre-supper-colaimo-1-kg,BEURRE FERMIER MOUMTEZ 1KG COLAIMO,cremerie,1kg,https://aswakassalam.com/produit/beurre-supper-colaimo-1-kg/,82.5
beurre-fermier-moumtez-1-4,BEURRE FERMIER MOUMTEZ 250G COLAIMO,cremerie,250g,https://aswakassalam.com/produit/beurre-fermier-moumtez-1-4/,20.95
beurre-fermier-moumtez-1-2kg,BEURRE FERMIER MOUMTEZ 500G COLAIMO,cremerie,500g,https://aswakassalam.com/produit/beurre-fermier-moumtez-1-2kg/,44.95
beurre-frais-pasteurise-200-g-jaouda,BEURRE FRAIS PASTEURISE 200 G JAOUDA,cremerie,200 g,https://aswakassalam.com/produit/beurre-frais-pasteurise-200-g-jaouda/,20.95
beurre-frais-pasteurise-plaquette-100g-jaouda,BEURRE FRAIS PASTEURISE PLAQUETTE 100G JAOUDA,cremerie,100g,https://aswakassalam.com/produit/beurre-frais-pasteurise-plaquette-100g-jaouda/,10.95
beurre-la-motte-aux-cristaux-de-sel-250g-president,BEURRE LA MOTTE AUX CRISTAUX DE SEL 250G PRESIDENT,cremerie,250g,https://aswakassalam.com/produit/beurre-la-motte-aux-cristaux-de-sel-250g-president/,71.95
beurre-la-motte-demi-sel-250g-president,BEURRE LA MOTTE DEMI-SEL 250G PRESIDENT,cremerie,250g,https://aswakassalam.com/produit/beurre-la-motte-demi-sel-250g-president/,71.95
beurre-la-motte-doux-250g-president,BEURRE LA MOTTE DOUX 250G PRESIDENT,cremerie,250g,https://aswakassalam.com/produit/beurre-la-motte-doux-250g-president/,71.95
beurre-leger-doux-250g-president,BEURRE LEGER DOUX 250G PRESIDENT,cremerie,250g,https://aswakassalam.com/produit/beurre-leger-doux-250g-president/,47.5
beurre-marquis-demi-sel-200g-ellevire,BEURRE MARQUIS DEMI SEL 200G ELLE&VIRE,cremerie,200g,https://aswakassalam.com/produit/beurre-marquis-demi-sel-200g-ellevire/,22.5
beurre-pasteurise-500g-badaouira,BEURRE PASTEURISE 500G BADAOUIRA,cremerie,500g,https://aswakassalam.com/produit/beurre-pasteurise-500g-badaouira/,56.95
beurre-pasteurise-500g-jaouda,BEURRE PASTEURISE 500G JAOUDA,cremerie,500g,https://aswakassalam.com/produit/beurre-pasteurise-500g-jaouda/,52.95
beurre-pasteurise-82-mg-200g-jibal,BEURRE PASTEURISE 82% MG 200G JIBAL,cremerie,200g,https://aswakassalam.com/produit/beurre-pasteurise-82-mg-200g-jibal/,18.95
beurre-plaquette-200g-lurpak,BEURRE PLAQUETTE 200G LURPAK,cremerie,200g,https://aswakassalam.com/produit/beurre-plaquette-200g-lurpak/,38.5
beurre-plaquette-400g-lurpak,BEURRE PLAQUETTE 400G LURPAK,cremerie,400g,https://aswakassalam.com/produit/beurre-plaquette-400g-lurpak/,72.95
beurre-pure-200g-new-zealand,BEURRE PURE 200G NEW ZEALAND,cremerie,200g,https://aswakassalam.com/produit/beurre-pure-200g-new-zealand/,25.95
boisson-au-soja-et-chocolat-1l-sojasun,BOISSON AU SOJA ET CHOCOLAT 1L SOJASUN,cremerie,1l,https://aswakassalam.com/produit/boisson-au-soja-et-chocolat-1l-sojasun/,39.95
boisson-au-soja-nature-1l-sojasun,BOISSON AU SOJA NATURE 1L SOJASUN,cremerie,1l,https://aswakassalam.com/produit/boisson-au-soja-nature-1l-sojasun/,35.95
boisson-au-soja-vanille-1l-sojasun,BOISSON AU SOJA VANILLE 1L SOJASUN,cremerie,1l,https://aswakassalam.com/produit/boisson-au-soja-vanille-1l-sojasun/,39.95
boisson-de-riz-au-cacao-bio-sans-gluten-1l-scotti,BOISSON DE RIZ AU CACAO BIO SANS GLUTEN 1L  SCOTTI,cremerie,1l,https://aswakassalam.com/produit/boisson-de-riz-au-cacao-bio-sans-gluten-1l-scotti/,25.5
boisson-de-riz-bio-sans-gluten-1l-scotti,BOISSON DE RIZ BIO SANS GLUTEN 1L SCOTTI,cremerie,1l,https://aswakassalam.com/produit/boisson-de-riz-bio-sans-gluten-1l-scotti/,24.5
camembert-240g-8-portions-president,CAMEMBERT 240G 8 PORTIONS PRESIDENT,cremerie,240g,https://aswakassalam.com/produit/camembert-240g-8-portions-president/,88.5
beurre-de-cacahuetes-340g-janis-4,Beurre de cacahuètes 340g – JANIS,epicerie,340g,https://aswakassalam.com/produit/beurre-de-cacahuetes-340g-janis-4/,27.95
boite-de-mais-340g-janis,Boîte de maïs 340g – JANIS,epicerie,340g,https://aswakassalam.com/produit/boite-de-mais-340g-janis/,12.5
cornichons-epices-en-morceaux-330g-kuhne,Cornichons épicés en morceaux 330g – KÜHNE,epicerie,330g,https://aswakassalam.com/produit/cornichons-epices-en-morceaux-330g-kuhne/,39.95
cornichons-legerement-surcres-180g-kuhne,Cornichons légèrement surcrés 180g – KÜHNE,epicerie,180g,https://aswakassalam.com/produit/cornichons-legerement-surcres-180g-kuhne/,41.5
farine-fleur-10kg-kenz,Farine fleur 10kg – KENZ,epicerie,10kg,https://aswakassalam.com/produit/farine-fleur-10kg-kenz/,55.95
farine-pain-beldi-5kg-farine-de-luxe-1kg-luxor,Farine pain Beldi 5kg + farine de luxe 1kg – LUXOR,epicerie,5kg,https://aswakassalam.com/produit/farine-pain-beldi-5kg-farine-de-luxe-1kg-luxor/,33.9
huile-dolive-vierge-1l-campo-sur,Huile d’olive vierge 1L  – CAMPO SUR,epicerie,1l,https://aswakassalam.com/produit/huile-dolive-vierge-1l-campo-sur/,54.95
lentilles-1kg-janis-2,Lentilles 1kg – JANIS,epicerie,1kg,https://aswakassalam.com/produit/lentilles-1kg-janis-2/,12.95
lot-3-boites-de-champignons-en-morceaux-185g-janis,Lot 3 boîtes de champignons en morceaux 185g – JANIS,epicerie,185g,https://aswakassalam.com/produit/lot-3-boites-de-champignons-en-morceaux-185g-janis/,29.95
lot-de-3-boites-de-mais-140g-janis,Lot de 3 Boîtes de maïs 140g – JANIS,epicerie,140g,https://aswakassalam.com/produit/lot-de-3-boites-de-mais-140g-janis/,28.95
lot-de-3-boites-de-thon-80g-janis,Lot de 3 boîtes de thon 80g – JANIS,epicerie,80g,https://aswakassalam.com/produit/lot-de-3-boites-de-thon-80g-janis/,24.5
lot-de-3-boites-de-thon-80g-sauce-tomate-ou-huile-de-tournesol-janis,Lot de 3 boites de thon 80g sauce tomate ou huile de tournesol  – JANIS,epicerie,80g,https://aswakassalam.com/produit/lot-de-3-boites-de-thon-80g-sauce-tomate-ou-huile-de-tournesol-janis/,24.95
lot-de-3-couscous-calibre-moyen-500g-dalia,Lot de 3 couscous calibre moyen 500g DALIA,epicerie,500g,https://aswakassalam.com/produit/lot-de-3-couscous-calibre-moyen-500g-dalia/,16.2
lot-de-3-couscous-moyens-500g-alitkane-2,Lot de 3 couscous moyens 500g – ALITKANE,epicerie,500g,https://aswakassalam.com/produit/lot-de-3-couscous-moyens-500g-alitkane-2/,15.95
lot-de-3-spaghettis-500g-janis,Lot de 3 spaghettis 500g  – JANIS,epicerie,500g,https://aswakassalam.com/produit/lot-de-3-spaghettis-500g-janis/,21.6
melange-fruits-secs-80g-royal-mix-denia,Mélange fruits secs 80g Royal Mix – DÉNIA,epicerie,80g,https://aswakassalam.com/produit/melange-fruits-secs-80g-royal-mix-denia/,15.95
semoule-fine-ble-dur-5kg-moony,Semoule fine blé dur 5Kg – MOONY,epicerie,5kg,https://aswakassalam.com/produit/semoule-fine-ble-dur-5kg-moony/,52.95
abricot-sec-500g-oncle-sam,ABRICOT SEC 500G ONCLE SAM,epicerie,500g,https://aswakassalam.com/produit/abricot-sec-500g-oncle-sam/,118.6
ail-semoule-100g-gaya,AIL SEMOULE 100G GAYA,epicerie,100g,https://aswakassalam.com/produit/ail-semoule-100g-gaya/,22.95
ail-semoule-215g-harmony,AIL SEMOULE 215G HARMONY,epicerie,215g,https://aswakassalam.com/produit/ail-semoule-215g-harmony/,83.9
ail-semoule-300g-gaya,AIL SEMOULE 300G GAYA,epicerie,300g,https://aswakassalam.com/produit/ail-semoule-300g-gaya/,61.2
ail-semoule-60g-ducros,AIL SEMOULE 60G DUCROS,epicerie,60g,https://aswakassalam.com/produit/ail-semoule-60g-ducros/,22.1
ail-semoule-60g-harmony,AIL SEMOULE 60G HARMONY,epicerie,60g,https://aswakassalam.com/produit/ail-semoule-60g-harmony/,18.95
amande-riffi-900g-oncle-sam,AMANDE RIFFI 900G ONCLE SAM,epicerie,900g,https://aswakassalam.com/produit/amande-riffi-900g-oncle-sam/,146.95
amandes-250g-oncle-sam,AMANDES 250G ONCLE SAM,epicerie,250g,https://aswakassalam.com/produit/amandes-250g-oncle-sam/,43.5
amandes-riffi-200g-rosana,AMANDES RIFFI 200G ROSANA,epicerie,200g,https://aswakassalam.com/produit/amandes-riffi-200g-rosana/,33.5
anchois-a-lhuile-dolive-extra-vierge-100g-connetable,ANCHOIS A L’HUILE D’OLIVE EXTRA VIERGE 100G CONNETABLE,epicerie,100g,https://aswakassalam.com/produit/anchois-a-lhuile-dolive-extra-vierge-100g-connetable/,27.9
angel-hair-n1-500g-barilla,ANGEL HAIR N°1 500G BARILLA,epicerie,500g,https://aswakassalam.com/produit/angel-hair-n1-500g-barilla/,26.95
assaisonement-kefta-35g-javana,ASSAISONEMENT KEFTA 35G JAVANA,epicerie,35g,https://aswakassalam.com/produit/assaisonement-kefta-35g-javana/,16.95
assaisonement-poulet-ail-origan-35g-ideal,ASSAISONEMENT POULET AIL ORIGAN 35G IDEAL,epicerie,35g,https://aswakassalam.com/produit/assaisonement-poulet-ail-origan-35g-ideal/,10.9
assaisonement-poulet-epice-gout-barbecue-52g-ideal,ASSAISONEMENT POULET EPICE GOUT BARBECUE 52G IDEAL,epicerie,52g,https://aswakassalam.com/produit/assaisonement-poulet-epice-gout-barbecue-52g-ideal/,10.9
assaisonement-poulet-epices-gout-grillade-32g-ideal,ASSAISONEMENT POULET EPICES GOUT GRILLADE 32G IDEAL,epicerie,32g,https://aswakassalam.com/produit/assaisonement-poulet-epices-gout-grillade-32g-ideal/,10.9
assaisonnement-chawarma-poulet-30g-javana,ASSAISONNEMENT CHAWARMA POULET 30G JAVANA,epicerie,30g,https://aswakassalam.com/produit/assaisonnement-chawarma-poulet-30g-javana/,16.95
assaisonnement-grillade-40g-javana,ASSAISONNEMENT GRILLADE 40G JAVANA,epicerie,40g,https://aswakassalam.com/produit/assaisonnement-grillade-40g-javana/,12.2
baba-ghannouge-pret-a-manger-385g-al-wadi,BABA GHANNOUGE PRET A MANGER 385G AL WADI,epicerie,385g,https://aswakassalam.com/produit/baba-ghannouge-pret-a-manger-385g-al-wadi/,46.95
basilic-12g-harmony,BASILIC 12G HARMONY,epicerie,12g,https://aswakassalam.com/produit/basilic-12g-harmony/,11.2
batonnet-de-glace-80ml-divers-parfums-haagen-dazs,Bâtonnet de glace 80ml divers parfums – HÄAGEN-DAZS,biscuiterie-confiserie,80ml,https://aswakassalam.com/produit/batonnet-de-glace-80ml-divers-parfums-haagen-dazs/,22.95
beurre-de-cacahuetes-340g-janis-2,Beurre de cacahuètes 340g – JANIS,biscuiterie-confiserie,340g,https://aswakassalam.com/produit/beurre-de-cacahuetes-340g-janis-2/,29.85
beurre-de-cacahuetes-340g-janis-3,Beurre de cacahuètes 340g – JANIS,biscuiterie-confiserie,340g,https://aswakassalam.com/produit/beurre-de-cacahuetes-340g-janis-3/,27.95
cereales-cerealoco-1kg-cerealitalia,Céréales CEREALOCO 1kg – CEREALITALIA,biscuiterie-confiserie,1kg,https://aswakassalam.com/produit/cereales-cerealoco-1kg-cerealitalia/,39.95
fleur-de-mais-en-poudre-180g-alsa,Fleur de maïs en poudre 180g – ALSA,biscuiterie-confiserie,180g,https://aswakassalam.com/produit/fleur-de-mais-en-poudre-180g-alsa/,6.65
lot-de-2-cafes-moulus-java-timor-200g-dubois,Lot de 2 cafés moulus JAVA TIMOR 200g – DUBOIS,biscuiterie-confiserie,200g,https://aswakassalam.com/produit/lot-de-2-cafes-moulus-java-timor-200g-dubois/,68.95
lot-de-2-thes-verts-4011-en-filaments-200g-sultan,Lot de 2 thés verts 4011 en filaments 200g – SULTAN,biscuiterie-confiserie,200g,https://aswakassalam.com/produit/lot-de-2-thes-verts-4011-en-filaments-200g-sultan/,36.95
lot-de-2-thes-verts-41022-en-filaments-200g-100g-dahmiss,Lot de 2 thés verts 41022 en filaments 200g + 100g – DAHMISS,biscuiterie-confiserie,200g,https://aswakassalam.com/produit/lot-de-2-thes-verts-41022-en-filaments-200g-100g-dahmiss/,28.95
lot-de-3-thes-verts-en-grains-200g-selham,Lot de 3 thés verts en grains 200g – SELHAM,biscuiterie-confiserie,200g,https://aswakassalam.com/produit/lot-de-3-thes-verts-en-grains-200g-selham/,26.95
mais-grilles-sales-100g-original-ou-barbecue-x-korn,Maïs grillés salés 100g Original ou barbecue – X-KORN,biscuiterie-confiserie,100g,https://aswakassalam.com/produit/mais-grilles-sales-100g-original-ou-barbecue-x-korn/,10.95
miel-toutes-fleurs-850g-jnane-el-aassal,Miel toutes fleurs 850g – JNANE EL AÂSSAL,biscuiterie-confiserie,850g,https://aswakassalam.com/produit/miel-toutes-fleurs-850g-jnane-el-aassal/,44.95
12-capsules-espresso-asta-black-10-achetes-2-gratuits,12 CAPSULES ESPRESSO ASTA BLACK (10 ACHETES = 2 GRATUITS),biscuiterie-confiserie,,https://aswakassalam.com/produit/12-capsules-espresso-asta-black-10-achetes-2-gratuits/,38.95
225-morceaux-de-sucre-1kg-enmer,225 MORCEAUX DE SUCRE 1KG ENMER,biscuiterie-confiserie,1kg,https://aswakassalam.com/produit/225-morceaux-de-sucre-1kg-enmer/,6.15
4-barres-de-chocolat-au-lait-40g-kitkat-chunky,4 BARRES DE CHOCOLAT AU LAIT 40G KITKAT CHUNKY,biscuiterie-confiserie,40g,https://aswakassalam.com/produit/4-barres-de-chocolat-au-lait-40g-kitkat-chunky/,29.95
amandes-effilees-100g-macao,AMANDES EFFILEES 100G MACAO,biscuiterie-confiserie,100g,https://aswakassalam.com/produit/amandes-effilees-100g-macao/,19.95
amandes-en-poudre-100g-macao,AMANDES EN POUDRE 100G MACAO,biscuiterie-confiserie,100g,https://aswakassalam.com/produit/amandes-en-poudre-100g-macao/,19.95
amandes-grillees-100g-oncle-sam,AMANDES GRILLEES 100G ONCLE SAM,biscuiterie-confiserie,100g,https://aswakassalam.com/produit/amandes-grillees-100g-oncle-sam/,24.95
amandes-hachees-100g-macao,AMANDES HACHEES 100G MACAO,biscuiterie-confiserie,100g,https://aswakassalam.com/produit/amandes-hachees-100g-macao/,19.95
amlou-cacahuete-200g-jnane-el-aassal,AMLOU CACAHUETE 200G JNANE EL AASSAL,biscuiterie-confiserie,200g,https://aswakassalam.com/produit/amlou-cacahuete-200g-jnane-el-aassal/,15.5
amlou-cacahuete-700g-jnane-el-aassal,AMLOU CACAHUETE 700G JNANE EL AASSAL,biscuiterie-confiserie,700g,https://aswakassalam.com/produit/amlou-cacahuete-700g-jnane-el-aassal/,47.95
assortiment-de-24-bouchees-ferrero-rondnoir-et-raffaello-ferrero-colletion,"ASSORTIMENT DE 24 BOUCHEES FERRERO, RONDNOIR ET RAFFAELLO FERRERO COLLETION",biscuiterie-confiserie,,https://aswakassalam.com/produit/assortiment-de-24-bouchees-ferrero-rondnoir-et-raffaello-ferrero-colletion/,154.95
assortiment-de-chocolats-180g-creations-delaviuda,ASSORTIMENT DE CHOCOLATS 180G CREATIONS DELAVIUDA,biscuiterie-confiserie,180g,https://aswakassalam.com/produit/assortiment-de-chocolats-180g-creations-delaviuda/,153.95
assortiment-de-chocolats-200g-selection-delaviuda,ASSORTIMENT DE CHOCOLATS 200G SELECTION DELAVIUDA,biscuiterie-confiserie,200g,https://aswakassalam.com/produit/assortiment-de-chocolats-200g-selection-delaviuda/,92.95
assortiment-de-chocolats-sans-sucres-ajoutes-200g-selection-delaviuda,ASSORTIMENT DE CHOCOLATS SANS SUCRES AJOUTÉS 200G SELECTION DELAVIUDA,biscuiterie-confiserie,200g,https://aswakassalam.com/produit/assortiment-de-chocolats-sans-sucres-ajoutes-200g-selection-delaviuda/,95.95
barre-caramel-peanuts-extrem-pack-de-5-unites-34g-excelo,BARRE CARAMEL & PEANUTS EXTREM PACK DE 5 UNITES 34G EXCELO,biscuiterie-confiserie,34g,https://aswakassalam.com/produit/barre-caramel-peanuts-extrem-pack-de-5-unites-34g-excelo/,10.95
barre-chocolat-cacahuete-semi-enrobee-28g-nooco,BARRE CHOCOLAT CACAHUETE SEMI-ENROBEE 28G NOOCO,biscuiterie-confiserie,28g,https://aswakassalam.com/produit/barre-chocolat-cacahuete-semi-enrobee-28g-nooco/,1.95
barre-chocolat-crispy-caramel-cacahuete-40g-nooco,BARRE CHOCOLAT CRISPY CARAMEL CACAHUETE 40G NOOCO,biscuiterie-confiserie,40g,https://aswakassalam.com/produit/barre-chocolat-crispy-caramel-cacahuete-40g-nooco/,4.95
barre-chocolat-noix-de-coco-24g-nooco,BARRE CHOCOLAT NOIX DE COCO 24G NOOCO,biscuiterie-confiserie,24g,https://aswakassalam.com/produit/barre-chocolat-noix-de-coco-24g-nooco/,1.95
barre-chocolat-nougat-34g-nooco,BARRE CHOCOLAT NOUGAT 34G NOOCO,biscuiterie-confiserie,34g,https://aswakassalam.com/produit/barre-chocolat-nougat-34g-nooco/,4.95
barre-chocolat-nougat-caramel-42g-nooco,BARRE CHOCOLAT NOUGAT CARAMEL 42G NOOCO,biscuiterie-confiserie,42g,https://aswakassalam.com/produit/barre-chocolat-nougat-caramel-42g-nooco/,4.95
barre-chocolat-nougat-caramel-cacahuete-24g-nooco,BARRE CHOCOLAT NOUGAT CARAMEL CACAHUETE 24G NOOCO,biscuiterie-confiserie,24g,https://aswakassalam.com/produit/barre-chocolat-nougat-caramel-cacahuete-24g-nooco/,1.95
barre-croustillante-chocolat-au-lait-18g-nooco,BARRE CROUSTILLANTE CHOCOLAT AU LAIT 18G NOOCO,biscuiterie-confiserie,18g,https://aswakassalam.com/produit/barre-croustillante-chocolat-au-lait-18g-nooco/,1.95
barre-multi-cereales-au-chocolat-au-lait-621g-cerealitalia,BARRE MULTI-CEREALES AU CHOCOLAT AU LAIT 6*21G CEREALITALIA,biscuiterie-confiserie,21g,https://aswakassalam.com/produit/barre-multi-cereales-au-chocolat-au-lait-621g-cerealitalia/,22.95
barre-multi-cereales-aux-myrtilles-621g-cerealitalia,BARRE MULTI-CEREALES AUX MYRTILLES 6*21G CEREALITALIA,biscuiterie-confiserie,21g,https://aswakassalam.com/produit/barre-multi-cereales-aux-myrtilles-621g-cerealitalia/,22.95
barre-multi-cereales-aux-noix-de-coco-et-chocolat-621g-cerealitalia,BARRE MULTI-CEREALES AUX NOIX DE COCO ET CHOCOLAT 6*21G CEREALITALIA,biscuiterie-confiserie,21g,https://aswakassalam.com/produit/barre-multi-cereales-aux-noix-de-coco-et-chocolat-621g-cerealitalia/,22.95
cannette-25cl-orangina-orangina-zero,Cannette 25cl – ORANGINA/ORANGINA ZÉRO,boissons,25cl,https://aswakassalam.com/produit/cannette-25cl-orangina-orangina-zero/,3.5
eau-minerale-25l-ain-soltane,"Eau minérale 2,5L – AIN SOLTANE",boissons,5l,https://aswakassalam.com/produit/eau-minerale-25l-ain-soltane/,5.95
eau-minerale-gazeuse-1l-ain-soltane,Eau minérale gazeuse 1L – AÏN SOLTANE,boissons,1l,https://aswakassalam.com/produit/eau-minerale-gazeuse-1l-ain-soltane/,5.0
ice-coffee-250ml-diverses-saveurs-rauch,"Ice coffee 250ml, diverses saveurs – RAUCH",boissons,250ml,https://aswakassalam.com/produit/ice-coffee-250ml-diverses-saveurs-rauch/,21.95
ice-tea-fruits-rouges-peche-50cl-lipton,Ice Tea fruits rouges/pêche 50cl – LIPTON,boissons,50cl,https://aswakassalam.com/produit/ice-tea-fruits-rouges-peche-50cl-lipton/,5.5
pack-6-canettes-boissons-gazeuses-25cl-coca-cola,Pack 6 canettes boissons gazeuses 25cl – COCA-COLA,boissons,25cl,https://aswakassalam.com/produit/pack-6-canettes-boissons-gazeuses-25cl-coca-cola/,21.95
7-up-canette-33cl,7 UP CANETTE 33CL,boissons,33cl,https://aswakassalam.com/produit/7-up-canette-33cl/,5.95
7-up-citron-1l,7 UP CITRON 1L,boissons,1l,https://aswakassalam.com/produit/7-up-citron-1l/,6.5
7-up-citron-20cl,7 UP CITRON 20CL,boissons,20cl,https://aswakassalam.com/produit/7-up-citron-20cl/,2.95
7-up-citron-33cl,7 UP CITRON 33CL,boissons,33cl,https://aswakassalam.com/produit/7-up-citron-33cl/,3.5
7-up-citron-50cl,7 UP CITRON 50CL,boissons,50cl,https://aswakassalam.com/produit/7-up-citron-50cl/,4.5
7up-canette-25cl,7UP CANETTE 25CL,boissons,25cl,https://aswakassalam.com/produit/7up-canette-25cl/,4.5
boisson-a-lorange-frut-1l-marrakech,BOISSON A L’ORANGE FRUT 1L MARRAKECH,boissons,1l,https://aswakassalam.com/produit/boisson-a-lorange-frut-1l-marrakech/,5.75
boisson-a-la-pulpe-dorange-1l-al-boustane,BOISSON A LA PULPE D’ORANGE 1L AL BOUSTANE,boissons,1l,https://aswakassalam.com/produit/boisson-a-la-pulpe-dorange-1l-al-boustane/,7.9
boisson-a-la-pulpe-dorange-1l-jutos-jaouda,BOISSON A LA PULPE D’ORANGE 1L JUTOS JAOUDA,boissons,1l,https://aswakassalam.com/produit/boisson-a-la-pulpe-dorange-1l-jutos-jaouda/,9.8
boisson-a-la-pulpe-peche-25cl-cappy-pulpy,BOISSON A LA PULPE PECHE 25CL CAPPY PULPY,boissons,25cl,https://aswakassalam.com/produit/boisson-a-la-pulpe-peche-25cl-cappy-pulpy/,4.5
boisson-ananas-des-tropiques-1l-marrakech,BOISSON ANANAS DES TROPIQUES 1L MARRAKECH,boissons,1l,https://aswakassalam.com/produit/boisson-ananas-des-tropiques-1l-marrakech/,15.5
boisson-cocktail-1l-jutos,BOISSON COCKTAIL 1L JUTOS,boissons,1l,https://aswakassalam.com/produit/boisson-cocktail-1l-jutos/,8.5
boisson-cocktail-355cl-rauch,"BOISSON COCKTAIL 35,5CL RAUCH",boissons,5cl,https://aswakassalam.com/produit/boisson-cocktail-355cl-rauch/,16.9
boisson-energetique-25cl-burn,BOISSON ENERGETIQUE 25CL BURN,boissons,25cl,https://aswakassalam.com/produit/boisson-energetique-25cl-burn/,11.85
boisson-energetique-25cl-red-bull,BOISSON ENERGETIQUE 25CL RED BULL,boissons,25cl,https://aswakassalam.com/produit/boisson-energetique-25cl-red-bull/,22.95
boisson-energetique-citron-50cl-aquarius,BOISSON ENERGETIQUE CITRON 50CL AQUARIUS,boissons,50cl,https://aswakassalam.com/produit/boisson-energetique-citron-50cl-aquarius/,7.5
boisson-energetique-pack-425cl-red-bull,BOISSON ENERGETIQUE PACK 4*25CL RED BULL,boissons,25cl,https://aswakassalam.com/produit/boisson-energetique-pack-425cl-red-bull/,83.95
boisson-energetique-sans-sucre-25cl-red-bull,BOISSON ENERGETIQUE SANS SUCRE 25CL RED BULL,boissons,25cl,https://aswakassalam.com/produit/boisson-energetique-sans-sucre-25cl-red-bull/,21.5
boisson-energisante-blue-25cl-bomba,BOISSON ENERGISANTE BLUE 25CL BOMBA,boissons,25cl,https://aswakassalam.com/produit/boisson-energisante-blue-25cl-bomba/,30.5
boisson-energisante-burry-blast-25cl-sting,BOISSON ENERGISANTE BURRY BLAST 25CL STING,boissons,25cl,https://aswakassalam.com/produit/boisson-energisante-burry-blast-25cl-sting/,7.95
boisson-energisante-cherry-25cl-bomba,BOISSON ENERGISANTE CHERRY 25CL BOMBA,boissons,25cl,https://aswakassalam.com/produit/boisson-energisante-cherry-25cl-bomba/,30.5
boisson-energisante-classic-250ml-hell,BOISSON ENERGISANTE CLASSIC 250ML HELL,boissons,250ml,https://aswakassalam.com/produit/boisson-energisante-classic-250ml-hell/,14.95
boisson-energisante-classic-25cl-bomba,BOISSON ENERGISANTE CLASSIC 25CL BOMBA,boissons,25cl,https://aswakassalam.com/produit/boisson-energisante-classic-25cl-bomba/,30.5
boisson-energisante-gold-rush-25cl-sting,BOISSON ENERGISANTE GOLD RUSH 25CL STING,boissons,25cl,https://aswakassalam.com/produit/boisson-energisante-gold-rush-25cl-sting/,7.95
boisson-energisante-mojito-25cl-bomba,BOISSON ENERGISANTE MOJITO 25CL BOMBA,boissons,25cl,https://aswakassalam.com/produit/boisson-energisante-mojito-25cl-bomba/,30.5
boisson-energisante-pink-25cl-bomba,BOISSON ENERGISANTE PINK 25CL BOMBA,boissons,25cl,https://aswakassalam.com/produit/boisson-energisante-pink-25cl-bomba/,30.5
boisson-gazeuse-25cl-la-cigogne,Boisson gazeuse 25cl – LA CIGOGNE,boissons,25cl,https://aswakassalam.com/produit/boisson-gazeuse-25cl-la-cigogne/,3.95
boisson-gazeuse-au-jus-naturel-de-pamplemousse-rose-200ml-le-tribute,BOISSON GAZEUSE AU JUS NATUREL DE PAMPLEMOUSSE ROSE 200ML LE TRIBUTE,boissons,200ml,https://aswakassalam.com/produit/boisson-gazeuse-au-jus-naturel-de-pamplemousse-rose-200ml-le-tribute/,26.95
boisson-gazeuse-orange-sanguine-canette-33cl-san-pellegrino,BOISSON GAZEUSE ORANGE SANGUINE CANETTE 33CL SAN PELLEGRINO,boissons,33cl,https://aswakassalam.com/produit/boisson-gazeuse-orange-sanguine-canette-33cl-san-pellegrino/,12.95
boisson-juper-orange-1l-valencia,BOISSON JUPER ORANGE 1L VALENCIA,boissons,1l,https://aswakassalam.com/produit/boisson-juper-orange-1l-valencia/,6.95
creme-solaire-protectrice-et-hydratante-spf-50-200ml-nivea,Crème solaire protectrice et hydratante SPF 50+ 200ml – NIVEA,beaute-hygiene,200ml,https://aswakassalam.com/produit/creme-solaire-protectrice-et-hydratante-spf-50-200ml-nivea/,164.95
gel-douche-250ml-divers-parfums-taous,Gel douche 250ml. Divers parfums – TAOUS,beaute-hygiene,250ml,https://aswakassalam.com/produit/gel-douche-250ml-divers-parfums-taous/,14.95
lot-de-2-dentifrices-white-now-75ml-signal,Lot de 2 dentifrices WHITE NOW 75ml – SIGNAL,beaute-hygiene,75ml,https://aswakassalam.com/produit/lot-de-2-dentifrices-white-now-75ml-signal/,27.95
lot-de-2-gels-douche-250ml-divers-parfums-taous,Lot de 2 gels douche 250ml divers parfums – TAOUS,beaute-hygiene,250ml,https://aswakassalam.com/produit/lot-de-2-gels-douche-250ml-divers-parfums-taous/,21.95
lot-de-2-gels-douches-lait-hydratant-250ml-divers-parfums-cottage,Lot de 2 gels douches lait hydratant 250ml Divers parfums – COTTAGE,beaute-hygiene,250ml,https://aswakassalam.com/produit/lot-de-2-gels-douches-lait-hydratant-250ml-divers-parfums-cottage/,55.95
20-rasoirs-blue2-gillette-15-achetes-5-gratuits,20 RASOIRS BLUE2 GILLETTE (15 ACHETES = 5 GRATUITS),beaute-hygiene,,https://aswakassalam.com/produit/20-rasoirs-blue2-gillette-15-achetes-5-gratuits/,83.95
after-shave-original-100-ml-brut,AFTER SHAVE ORIGINAL 100 ML BRUT,beaute-hygiene,100 ml,https://aswakassalam.com/produit/after-shave-original-100-ml-brut/,50.5
apres-shampooing-avocat-200ml-ultra-doux,APRES SHAMPOOING AVOCAT 200ML ULTRA DOUX,beaute-hygiene,200ml,https://aswakassalam.com/produit/apres-shampooing-avocat-200ml-ultra-doux/,35.5
apres-shampooing-avocat-beurre-de-karite-400ml-ultra-doux-garnier,APRES SHAMPOOING AVOCAT BEURRE DE KARITE 400ML ULTRA DOUX GARNIER,beaute-hygiene,400ml,https://aswakassalam.com/produit/apres-shampooing-avocat-beurre-de-karite-400ml-ultra-doux-garnier/,59.95
apres-shampooing-dream-long-200ml-elseve,APRES SHAMPOOING DREAM LONG 200ML ELSEVE,beaute-hygiene,200ml,https://aswakassalam.com/produit/apres-shampooing-dream-long-200ml-elseve/,44.95
apres-shampooing-huile-extraordinaire-pour-cheveux-normaux-200ml-elseve,APRES SHAMPOOING HUILE EXTRAORDINAIRE POUR CHEVEUX NORMAUX 200ML ELSEVE,beaute-hygiene,200ml,https://aswakassalam.com/produit/apres-shampooing-huile-extraordinaire-pour-cheveux-normaux-200ml-elseve/,44.95
apres-shampooing-hydratant-72h-hyaluron-repulp-200ml-elseve,APRES SHAMPOOING HYDRATANT 72H HYALURON REPULP 200ML ELSEVE,beaute-hygiene,200ml,https://aswakassalam.com/produit/apres-shampooing-hydratant-72h-hyaluron-repulp-200ml-elseve/,48.95
apres-shampooing-lait-damande-nourricier-200ml-ultra-doux,APRES SHAMPOOING LAIT D’AMANDE NOURRICIER 200ML ULTRA DOUX,beaute-hygiene,200ml,https://aswakassalam.com/produit/apres-shampooing-lait-damande-nourricier-200ml-ultra-doux/,35.5
apres-shampooing-olive-mythique-400ml-ultra-doux,APRES SHAMPOOING OLIVE MYTHIQUE 400ML ULTRA DOUX,beaute-hygiene,400ml,https://aswakassalam.com/produit/apres-shampooing-olive-mythique-400ml-ultra-doux/,59.95
apres-shampooing-tresors-de-miel-200ml-ultra-doux,APRES SHAMPOOING TRESORS DE MIEL 200ML ULTRA DOUX,beaute-hygiene,200ml,https://aswakassalam.com/produit/apres-shampooing-tresors-de-miel-200ml-ultra-doux/,35.5
apres-shampooing-beurre-de-karite-et-macadamia-cheveux-tres-secs-ou-frises-200ml-le-petit-olivier,APRES-SHAMPOOING BEURRE DE KARITE ET MACADAMIA CHEVEUX TRES SECS OU FRISES 200ML LE PETIT OLIVIER,beaute-hygiene,200ml,https://aswakassalam.com/produit/apres-shampooing-beurre-de-karite-et-macadamia-cheveux-tres-secs-ou-frises-200ml-le-petit-olivier/,69.95
apres-shampooing-coco-et-the-vert-tous-types-de-cheveux-250ml-lovea,APRES-SHAMPOOING COCO ET THE VERT TOUS TYPES DE CHEVEUX 250ML LOVEA,beaute-hygiene,250ml,https://aswakassalam.com/produit/apres-shampooing-coco-et-the-vert-tous-types-de-cheveux-250ml-lovea/,74.95
apres-shampooing-monoi-karite-pour-cheveux-secs-et-abimes-200ml-lovea,APRES-SHAMPOOING MONOI & KARITE POUR CHEVEUX SECS ET ABIMES 200ML LOVEA,beaute-hygiene,200ml,https://aswakassalam.com/produit/apres-shampooing-monoi-karite-pour-cheveux-secs-et-abimes-200ml-lovea/,74.95
apres-shampooing-nutrition-huiles-dolive-karite-argan-200ml-le-petit-olivier,"APRES-SHAMPOOING NUTRITION HUILES D’OLIVE, KARITE, ARGAN 200ML LE PETIT OLIVIER",beaute-hygiene,200ml,https://aswakassalam.com/produit/apres-shampooing-nutrition-huiles-dolive-karite-argan-200ml-le-petit-olivier/,69.95
apres-shampooing-olive-mythique-200ml-ultra-doux,APRES-SHAMPOOING OLIVE MYTHIQUE 200ML ULTRA DOUX,beaute-hygiene,200ml,https://aswakassalam.com/produit/apres-shampooing-olive-mythique-200ml-ultra-doux/,35.5
apres-shampooing-purifiant-aloe-vera-the-vert-200ml-le-petit-olivier,APRES-SHAMPOOING PURIFIANT ALOE VERA & THE VERT 200ML LE PETIT OLIVIER,beaute-hygiene,200ml,https://aswakassalam.com/produit/apres-shampooing-purifiant-aloe-vera-the-vert-200ml-le-petit-olivier/,69.95
apres-shampooing-tonus-brillance-huile-sesame-300ml-timotei,APRES-SHAMPOOING TONUS BRILLANCE HUILE SESAME 300ML TIMOTEI,beaute-hygiene,300ml,https://aswakassalam.com/produit/apres-shampooing-tonus-brillance-huile-sesame-300ml-timotei/,34.5
baby-shampooing-shiny-drops-300ml-johnson-baby,BABY SHAMPOOING SHINY DROPS 300ML JOHNSON BABY,beaute-hygiene,300ml,https://aswakassalam.com/produit/baby-shampooing-shiny-drops-300ml-johnson-baby/,45.5
bain-bouche-fraiche-intense-500ml-listerine,BAIN BOUCHE FRAICHE INTENSE 500ML LISTERINE,beaute-hygiene,500ml,https://aswakassalam.com/produit/bain-bouche-fraiche-intense-500ml-listerine/,48.95
bain-bouche-soin-blancheur-500ml-listerine,BAIN BOUCHE SOIN BLANCHEUR 500ML LISTERINE,beaute-hygiene,500ml,https://aswakassalam.com/produit/bain-bouche-soin-blancheur-500ml-listerine/,48.95
bain-bouche-zero-alcool-menthe-500ml-listerine,BAIN BOUCHE ZERO ALCOOL MENTHE 500ML LISTERINE,beaute-hygiene,500ml,https://aswakassalam.com/produit/bain-bouche-zero-alcool-menthe-500ml-listerine/,48.95
bain-de-bouche-optic-white-500ml-colgate,BAIN DE BOUCHE OPTIC WHITE 500ML COLGATE,beaute-hygiene,500ml,https://aswakassalam.com/produit/bain-de-bouche-optic-white-500ml-colgate/,45.5
bain-moussant-200ml-johnson-baby,BAIN MOUSSANT 200ML JOHNSON BABY,beaute-hygiene,200ml,https://aswakassalam.com/produit/bain-moussant-200ml-johnson-baby/,33.95
bande-de-cire-peau-normale-10-unites-veet,BANDE DE CIRE PEAU NORMALE 10 UNITES VEET,beaute-hygiene,,https://aswakassalam.com/produit/bande-de-cire-peau-normale-10-unites-veet/,36.95
bandes-de-cire-peaux-sensibles-10-unites-veet,BANDES DE CIRE PEAUX SENSIBLES 10 UNITES VEET,beaute-hygiene,,https://aswakassalam.com/produit/bandes-de-cire-peaux-sensibles-10-unites-veet/,36.95
bandes-epilation-10-pieces-depiliss,BANDES EPILATION 10 PIECES DEPILISS,beaute-hygiene,,https://aswakassalam.com/produit/bandes-epilation-10-pieces-depiliss/,5.95
bandes-epilation-50-unites-depiliss,BANDES EPILATION 50 UNITES DEPILISS,beaute-hygiene,,https://aswakassalam.com/produit/bandes-epilation-50-unites-depiliss/,15.95
baume-a-levres-3en1-pink-48g-labello,"BAUME A LEVRES 3EN1 PINK 4,8G LABELLO",beaute-hygiene,8g,https://aswakassalam.com/produit/baume-a-levres-3en1-pink-48g-labello/,42.5
baume-a-levres-3en1-red-48g-labello,"BAUME A LEVRES 3EN1 RED 4,8G LABELLO",beaute-hygiene,8g,https://aswakassalam.com/produit/baume-a-levres-3en1-red-48g-labello/,42.5
baume-a-levres-3en1-rose-48g-labello,"BAUME A LEVRES 3EN1 ROSE 4,8G LABELLO",beaute-hygiene,8g,https://aswakassalam.com/produit/baume-a-levres-3en1-rose-48g-labello/,42.5
baume-a-levres-coco-lovea,BAUME A LEVRES COCO LOVEA,beaute-hygiene,,https://aswakassalam.com/produit/baume-a-levres-coco-lovea/,69.95
30-pods-3-en-1-ariel,30 pods 3 en 1 – ARIEL,entretien,,https://aswakassalam.com/produit/30-pods-3-en-1-ariel/,92.95
eau-de-javel-1l-divers-parfums-janis,Eau de javel 1L Divers parfums – JANIS,entretien,1l,https://aswakassalam.com/produit/eau-de-javel-1l-divers-parfums-janis/,5.95
eau-de-javel-25l-janis,"Eau de javel 2,5L – JANIS",entretien,5l,https://aswakassalam.com/produit/eau-de-javel-25l-janis/,10.95
lot-de-2-essuie-tout-3-plis-selpak,"Lot de 2 essuie-tout, 3 plis – SELPAK",entretien,,https://aswakassalam.com/produit/lot-de-2-essuie-tout-3-plis-selpak/,9.95
lot-de-3-essuies-tout-2-plis-sany,"Lot de 3 essuies tout, 2 plis – SANY",entretien,,https://aswakassalam.com/produit/lot-de-3-essuies-tout-2-plis-sany/,18.5
10-sacs-poubelle-120l-igor,10 SACS POUBELLE 120L IGOR,entretien,120l,https://aswakassalam.com/produit/10-sacs-poubelle-120l-igor/,30.95
10-sacs-poubelles-35l-folia,10 SACS POUBELLES 35L FOLIA,entretien,35l,https://aswakassalam.com/produit/10-sacs-poubelles-35l-folia/,10.95
10-sacs-poubelles-drawstring-100l-folia,10 SACS POUBELLES DRAWSTRING 100L FOLIA,entretien,100l,https://aswakassalam.com/produit/10-sacs-poubelles-drawstring-100l-folia/,22.95
10-sacs-poubelles-drawstring-130l-folia,10 SACS POUBELLES DRAWSTRING 130L FOLIA,entretien,130l,https://aswakassalam.com/produit/10-sacs-poubelles-drawstring-130l-folia/,35.95
10-sacs-poubelles-drawstring-50l-folia,10 SACS POUBELLES DRAWSTRING 50L FOLIA,entretien,50l,https://aswakassalam.com/produit/10-sacs-poubelles-drawstring-50l-folia/,13.95
100-gants-nitrile-medium-bleu-igor,100 GANTS NITRILE MEDIUM BLEU IGOR,entretien,,https://aswakassalam.com/produit/100-gants-nitrile-medium-bleu-igor/,89.95
100-gants-nitrile-small-bleu-igor,100 GANTS NITRILE SMALL BLEU IGOR,entretien,,https://aswakassalam.com/produit/100-gants-nitrile-small-bleu-igor/,89.95
100-gants-nitrile-small-noir-igor,100 GANTS NITRILE SMALL NOIR IGOR,entretien,,https://aswakassalam.com/produit/100-gants-nitrile-small-noir-igor/,89.95
12-feuilles-de-papier-cuisson-sulfurise-netoy,12 FEUILLES DE PAPIER CUISSON SULFURISE NETOY,entretien,,https://aswakassalam.com/produit/12-feuilles-de-papier-cuisson-sulfurise-netoy/,13.5
12-rouleaux-papier-hygienique-2-plis-dalaa,12 ROULEAUX PAPIER HYGIENIQUE 2 PLIS DALAA,entretien,,https://aswakassalam.com/produit/12-rouleaux-papier-hygienique-2-plis-dalaa/,24.95
15-sacs-de-congelation-2530cm-chikipak,15 SACS DE CONGELATION 25*30CM CHIKIPAK,entretien,,https://aswakassalam.com/produit/15-sacs-de-congelation-2530cm-chikipak/,19.95
2-gants-de-nettoyage-multi-usage-en-silicone-magic-gloves,2 GANTS DE NETTOYAGE MULTI-USAGE EN SILICONE MAGIC GLOVES,entretien,,https://aswakassalam.com/produit/2-gants-de-nettoyage-multi-usage-en-silicone-magic-gloves/,60.95
32-pastilles-allume-feu-sans-odeur-asevi,32 PASTILLES ALLUME FEU SANS ODEUR ASEVI,entretien,,https://aswakassalam.com/produit/32-pastilles-allume-feu-sans-odeur-asevi/,18.95
40-pastilles-pour-lave-vaisselle-parfum-citron-finish,40 pastilles pour lave-vaisselle parfum citron FINISH,entretien,,https://aswakassalam.com/produit/40-pastilles-pour-lave-vaisselle-parfum-citron-finish/,94.95
40-sacs-poubelle-30l-elmejor,40 SACS POUBELLE 30L ELMEJOR,entretien,30l,https://aswakassalam.com/produit/40-sacs-poubelle-30l-elmejor/,30.5
adoucissant-3l-econet,ADOUCISSANT 3L ECONET,entretien,3l,https://aswakassalam.com/produit/adoucissant-3l-econet/,44.95
adoucissant-a-la-rose-3l-doussy,ADOUCISSANT A LA ROSE 3L DOUSSY,entretien,3l,https://aswakassalam.com/produit/adoucissant-a-la-rose-3l-doussy/,56.95
adoucissant-concentre-3l-asevi,ADOUCISSANT CONCENTRE 3L ASEVI,entretien,3l,https://aswakassalam.com/produit/adoucissant-concentre-3l-asevi/,52.95
adoucissant-concentre-hypoallergenique-rose-talc-15l-asevi,"ADOUCISSANT CONCENTRE HYPOALLERGENIQUE ROSE TALC 1,5L ASEVI",entretien,5l,https://aswakassalam.com/produit/adoucissant-concentre-hypoallergenique-rose-talc-15l-asevi/,27.5
adoucissant-fleur-dambre-et-bois-de-santal-144l-peros,"ADOUCISSANT FLEUR D’AMBRE ET BOIS DE SANTAL 1,44L PEROS",entretien,44l,https://aswakassalam.com/produit/adoucissant-fleur-dambre-et-bois-de-santal-144l-peros/,38.95
adoucissant-fleur-de-perles-et-cachemire-144l-peros,"ADOUCISSANT FLEUR DE PERLES ET CACHEMIRE 1,44L PEROS",entretien,44l,https://aswakassalam.com/produit/adoucissant-fleur-de-perles-et-cachemire-144l-peros/,38.95
adoucissant-jardin-de-lavande-et-bougainvillier-144l-peros,"ADOUCISSANT JARDIN DE LAVANDE ET BOUGAINVILLIER 1,44L PEROS",entretien,44l,https://aswakassalam.com/produit/adoucissant-jardin-de-lavande-et-bougainvillier-144l-peros/,38.95
adoucissant-orchidee-bleue-et-fleurs-de-lys-144l-peros,"ADOUCISSANT ORCHIDEE BLEUE ET FLEURS DE LYS 1,44L PEROS",entretien,44l,https://aswakassalam.com/produit/adoucissant-orchidee-bleue-et-fleurs-de-lys-144l-peros/,38.95
aerosol-anti-insectes-rampants-360ml-baygon,AEROSOL ANTI INSECTES RAMPANTS 360ML BAYGON,entretien,360ml,https://aswakassalam.com/produit/aerosol-anti-insectes-rampants-360ml-baygon/,33.95
aerosol-anti-insectes-rampants-450ml-baygon,AEROSOL ANTI INSECTES RAMPANTS 450ML BAYGON,entretien,450ml,https://aswakassalam.com/produit/aerosol-anti-insectes-rampants-450ml-baygon/,42.95
aerosol-anti-insectes-volants-sans-odeur-400ml-raid,AEROSOL ANTI-INSECTES VOLANTS SANS ODEUR 400ML RAID,entretien,400ml,https://aswakassalam.com/produit/aerosol-anti-insectes-volants-sans-odeur-400ml-raid/,33.5
aerosol-insecticide-citron-300ml-lance,AEROSOL INSECTICIDE CITRON 300ML LANCE,entretien,300ml,https://aswakassalam.com/produit/aerosol-insecticide-citron-300ml-lance/,14.95
aerosol-tout-insecte-parfume-au-citron-200ml-zentek,AEROSOL TOUT INSECTE PARFUME AU CITRON 200ML ZENTEK,entretien,200ml,https://aswakassalam.com/produit/aerosol-tout-insecte-parfume-au-citron-200ml-zentek/,12.95
ajax-vitre-450ml,AJAX VITRE 450ML,entretien,450ml,https://aswakassalam.com/produit/ajax-vitre-450ml/,15.95
allume-feu-48-cubes-flammat,ALLUME-FEU 48 CUBES FLAMMAT,entretien,,https://aswakassalam.com/produit/allume-feu-48-cubes-flammat/,14.5
allume-feu-ecologique-24-cubes-flammat,ALLUME-FEU ECOLOGIQUE 24 CUBES FLAMMAT,entretien,,https://aswakassalam.com/produit/allume-feu-ecologique-24-cubes-flammat/,18.5
